Position,Company,Location,URL
Python Developer,lemon.io,Latin America Only/Europe Only/Canada Only,https://weworkremotely.com/remote-jobs/lemon-io-python-developer-3
Senior Open Source Developer & DevOps (Python  Django  React  AWS/OpenStack),OpenCraft,Anywhere in the World,https://weworkremotely.com/remote-jobs/opencraft-senior-open-source-developer-devops-python-django-react-aws-openstack
Senior Python Engineer: Long-term job - 100% remote,Proxify AB,Anywhere in the World,https://weworkremotely.com/remote-jobs/proxify-ab-senior-python-engineer-long-term-job-100-remote
(Senior) Python Full Stack Software Developer,Optimile,Europe Only,https://weworkremotely.com/remote-jobs/optimile-senior-python-full-stack-software-developer
Senior Full-stack Engineer with Python,NannyML,Anywhere in the World,https://weworkremotely.com/remote-jobs/nannyml-senior-full-stack-engineer-with-python
Senior Software Engineer  Python,AssemblyAI (YC 17),Anywhere in the World,https://weworkremotely.com/remote-jobs/assemblyai-yc-17-senior-software-engineer-python
Senior Python Developer - Full Remote ,Ebury,Latin America Only/Europe Only,https://weworkremotely.com/remote-jobs/ebury-senior-python-developer-full-remote-1
Python Platform Engineer,Doximity,Americas Only,https://weworkremotely.com/remote-jobs/doximity-python-platform-engineer
full details of Network Engineer Level III,Scientific Systems and Software International...,None,https://www.indeed.com/pagead/clk?mo=r&ad=-6NYlbfkN0CtjKp-u-zd8_aA8XwmgvRSGoa1Hc3w2ivdSLBA2cbKraNrhARXeNid_lvgQVtT8Dxx5BykG77lkGgQRS5B4szcDvYQ77JUc8MmzHiduChGNbtTkBYFBWQ3sjADURezepcZB_ltOKLD_ciVd986WGtBIgURcoHHdNF1qlOVmDN2ckAZ6H4Wkzcu_X4b62_9XsDMc0RxPGF1Mq-q8HDEHPUbQAPCXoTnvWo7D3GRFB7NG8heN0vPTm17giw46RNe6pPKvGHn_xMLpFbtOMcRog07M9hTUUiQ6bVZyIF0KZxaKGu7ep5RvK8a7yAR8trCezL3TmLZN51bkGUUaN-N7OvKZgoRJhTLJyLf3BjSoKMH4iKcYKfgLOysIoU0UPRgNJ-g4YSqQzwJhSOFlYLPEAYiwC5yktNEzVyuolIetOjAHiq-7Mu2_1Ffnkk7orpRglA6VZtDo2izaQ4EVNv_OtH0MEX3blM0pVKhmwU3pa2O0yc_8_EbQTY-I1j1ks9EQ0EniR3OGgN7Mw==&xkcb=SoAO-_M3USDGCZW2LJ0LbzkdCdPP&p=0&fvj=1&vjs=3
full details of Application Support Engineer,Fora Financial LLC,None,https://www.indeed.com/pagead/clk?mo=r&ad=-6NYlbfkN0AVmeVdBxbwCBum3pEXmqWPa4HbGlv0gYd5ueWyFHBBN2H7s_e6ZxNE-lSEPhjS2Wd6X1nOkV184UhDSrldvmfnoW5j1yHBKRZ9Q9n4J7w0RDgQzpBCGZuchKNopLoAx1FJjHW9W0Qfjakf_IuTTRQCzDdOTvW6VpRi73zUYbEq2cIdMPxIwC8cKQRPpFVrdDAz4-D9ac2fNghbW2Ba1z0CsLjvH7WNvV29wva_azE7sy7uVK7sT3MLU2LoMV9twx_muLo6oRwZX97x5s07qkD1Ff3WD4u5zN7ePLYHax2ss30DBwntVB2OQXq95lZMBuRXUhDRzLIHulx3awKwZgJCS-BP8xdT_DDaIZ7DLgXR0MPPqO38REm0yJKf0xM3ZJvrDYofG8CdhQM2CR1dQ8wI0LwinkSXsSN7Hu2mZTmUvqYOKoQjH7XMB75boDCFPDgfVxkBT8i-fB4uQIqCc7B5giTzL4PUmkTH_HDmmpmIftW0mbwNZnfBfuPYBbYk5eHiwNWivaZF3rQB1YDyedw20owfu8jIMK8KjzVheqpTYC30MhCLJ4OdVAj7mavk618Uc26rZVDIYuzso0jf0qqAKe7143fhz7Qstk3JLMDcfWkmpOXWES0CJp5lUG1TemDYyoXOIa5v339I37Wral8Yj_K8StX4fPxZDzRt3vhZt3OJVvtmiLMWX0d8bQj0DL1RJfGsl_O0UKbmPXGXbZdRO1nMWzYx9KvaB9Qxd-d_sRu54wy-zqpc5bwlisR4YPA=&xkcb=SoBL-_M3USDGCZ22LJ0LbzkdCdPP&p=1&fvj=0&vjs=3
full details of Software Engineer - Backend (All Skill Levels),Wolfjaw Studios,Remote,https://www.indeed.com/pagead/clk?mo=r&ad=-6NYlbfkN0DP_ttKoBhP16ns0tLfWjRRoQOPpCtgM4FLKJISH7K8WMyENJCSJvp-Jm-ntT0DvX-ft4aNQrDOe2ShoPvk_iyqE1zklD6q_hyjKxcSQohXM36dlyXfsTyfWRFqoYk9ekM0dBIWU2Aq29BSq4kdf9-GIbn7wx1rPpePtXMyT9QN4alDE_LR-uIiqVZKluDc8zfFVV8HnhSmHSwnmtMM90mYj1SvVHDy7SzaXWb5yNs9qejc53xAL75LhOY7uXRpdrxI_l7-v1ROcvnDNQ7KPkRsGhxrBT6sZqlBZ1iAd0xmhWDfOW_ZOqhaGcNGSBmPXR8HQMyGwNQ6-LZb3Jsz3ZB6xzXYBl6SxK_XYaktnUPQ7W0fmhK-VdnWBXcpkK8S7-u3eDfZHZOYe3KbtVIO4qr0REX782vv4b-25k8urm1wyzCFLLRskUdM5rdP5qQs9aXEou4JBU6e5MaVC98f5_EjKJXktWNGjj8FiMK3oJ6fcu_IlgPTGcfZQhh4yEA-MRkMrsmMgahT2mq0rrDLkZSz&xkcb=SoD_-_M3USDGCZ22LJ0KbzkdCdPP&p=2&fvj=1&vjs=3
full details of Manufacturing Controls Engineer,HTI - Human Technologies  Inc.,Anderson  SC 29622,https://www.indeed.com/pagead/clk?mo=r&ad=-6NYlbfkN0DConLW62ix1qoiGaRemPnBFa9iFHtpx9n-semiZE6TeTAyLE-p2dnADwF3_GFkw42128bBWzkP8dioCVsixlMCZyOpFrvvSUwsrLuEhiMONinsI5GB1c_qb56jW3PIivZSaHfYIefStiFwMLTrT1PimrCoj6bHdCXeUJZRL8zHqOoqmYMViSrAGCX1mUXnqG_xcF3jK_GIBVxwgjFGV5Gt8UkXAmoso-zOPhkEOGdiuCtED1tkUMyUsa9yjT3pXQj5XSB_vLa_0ME83g2Uymq-_23X-H1ihPO_20uy-rPLVRf969vHozKYe0iHS8ev35cTutm1fWsB0A52PrnpSKAvdDDvSkRR1IGkaFW-j71ZEHejFkEtyxexl2U20KNi6BrHIZKgVCH1PHU9rBbR9MNM47O4W4X3pmyqxIX3TidSnyzSoag-PMnyeLFwv9bHfBFV79PXMZCfv8VbVgTU9sYtAuB7lJrC4wzEizIZReLHijpKrmMSgxzANh0-aa3L7UII7m-s2bMMRPQw39E07B347lBIejCZxF0OrC_r4CVx0c2bdqXsudDP&xkcb=SoBi-_M3USDGCZ22LJ0JbzkdCdPP&p=3&fvj=0&vjs=3
full details of Manager  Data Analysis & Program Evaluation,American Society Of Hematology,None,https://www.indeed.com/pagead/clk?mo=r&ad=-6NYlbfkN0D5gsp7mrwz9lMJAfp0BYblm14tzMlwJw0fPpXZJEVGtLsMx4i3xM4CTL5rlIUlTwYXmFstCQ0wLWFBo8rGcYkTXhM3fj2Ttr_azHKbDGfWvJv4oRTjTnsNWIxqPzwBLwLL5riqBQ0DGAsKXGoI6v19o4OuwJUYUIsvHTJ9HIdt1V6TrzkAotcT029cdb2MiUHEftsOUwBKJiZe64im93K6DHgVtMDf3VCvIsbDfyaKygsGTQbimWnueEfMnOD2VyhlYQm3DoA1l5JJAT09APc15zq7Z3FW-1FKHlv_g3D7lF6UweocpWB_MdJ0tqzCUaD_o3s94cChE_0ND2IKE4kxn_G1Dp7Smmr2NOyMdtdPwUm9sYTArzIfyAoH6bGZqnXXjEiGfGuYSB7jPFkqs_N0KOUQ7qtQAbFlcUFr9T-mEeVQ8Mb3Jc4MGO0TDZTphv43iMUwN08s-yfpV5V1ZUi3rwzqFdNzstp49CQ_yoi1Bp4YO5pwYUOK27rzYKR0ZRidC1SaBCJggNQD6OxFQEADUsSaWTOROcxOKyGWL6S_qYg7bajXz4F5mdd9EB_ia9cazLbpFjp_6qk8rH_t1PdlNqU5h4-XVD3EpgsA98AMzOqXcMup_aOZMfBkoyC5qOMgKNbAdiqD2iH4pDzziURqxNjkp8CCIV5iDS2pzFWSJ7yV2_Ut7vIq_gvF9Xfqitu1jQaCrn3SRYJKX-1hZReeKvQ95zq5LzmLTg9AzbmYYPuYj4OuOen3_cdMbu1XzgU=&xkcb=SoDW-_M3USDGCZ22LJ0IbzkdCdPP&p=4&fvj=0&vjs=3
full details of Remote Senior Python Developer,FriendFinder Networks,Remote,https://www.indeed.com/company/FriendFinder-Networks/jobs/Senior-Python-Developer-b75d408ee0f789a0?fccid=702c7d72f9a9a730&vjs=3
full details of QA Tester (Ansible /Python),Atos Syntel,Remote,https://www.indeed.com/company/Atos-Syntel/jobs/QA-Tester-a21604ec498a8268?fccid=f67c57d420c3161d&vjs=3
full details of Manager  Risk,Genesis Financial Solutions  Inc.,None,https://www.indeed.com/pagead/clk?mo=r&ad=-6NYlbfkN0AmK7vMP5H0VKzR15vm1x8CPC_OE7GGGGi--Qni2iDu32yCz3Wh8GXhy9_K3hCW3z1TYsholsm86gWtWXAOCsCdiUto3dCYLLSDGA5gWXn94QoymrR5P8TuhtpDiQY-HvPgGogJDM0381GzpMFuf9GEdvqA3npA4qOq-3ixUkonpARQ1qfziUgIhhp7nuz66mdoiKxQDRyBSGEeB0dR3vOMsX49nDwJdCmr97BNsjiT8FjxLucRig22pyOlXYQstY77VCvTsxL6RzK-rwWtmGJucEOnZsQIM-9mCWTRXRtTXq9dp8HAQ1xtvEf1q8YPNGB09w3aItmse5-4ySXt83e3F8dFH6tJe1XF3BrvEjwkp-G7unuOp22rD24r5VdgTaH8CYA2wIIDeXknatpDVIOPFmu4edgAAdrLPCEd5RPkRUi1Yexgzawe33-GfRGPcfs2uc2atLlYdO-KaCD8qW3r6uonWj9Zw2KbHtN8p6lbbWFNiy9WBMKtti0OVKLdM8wPDuNf6cFQrYyq3QKgo83UEMoNdB8TjHbjBHQxavyS_8D4iCLWHLEoRroYXyQ1yKTX1u5URSBpTzpXLdgchdsPq6-okJIySUrprDgP1FRp0kavD6I5tL-jBr37hPnSrJuIaRMszE0nezwBVQY7Fjh21yFO7qRift_tS8HT0iY42Z8aFAx5fEtPjhmDL-geJBC4imJrWTQPClhHOw43XbkljIgPBxqYjk-9Ray0ezqqUEttERKPu8XsHtcSij1Z5pAQ1vj58XUv1upjcI6yqW7yCsFDYvphf7RwD5aCoEZ3qQ==&xkcb=SoBx-_M3USDGCYW2LJ0KbzkdCdPP&p=7&fvj=0&vjs=3
full details of Training & Placement || UX Designer,Precision technologies,Remote,https://www.indeed.com/company/Precision-technologies/jobs/Training-Placement-Ux-Designer-0d1bafd96d608c94?fccid=50063d5eca82e2b2&vjs=3
full details of Back End Developer,Underdog.io,None,https://www.indeed.com/pagead/clk?mo=r&ad=-6NYlbfkN0AMrEUdIxhUDi4JaB8HlJ3ajS0ipebGaj6lY-2pm3XmRxXWOxjQpAJ_HxWmbKIJ_-dpQ8Z2Tj6yYDJki4oyroO_uctWYbH10mhMpPFu1AkAdcApzMC1AirOyGKk_828GoKjYsaR3liUnSWzlrpmn7JVOzvVh--FGYAQwIlTuLnYRUBnlc98VeS6pz-IiDUFpr6Mqkm8-y8qa7f15xtA10tuclg-I-AWI0vG-2c2fKtC0-F7CgmfjcFFewozxV8JkIzx1YoIJZ5lFTVv8vLnhduMscipZNPyx7ta0Rs4WAosGzmpkRakl3WzQqz_wkmK9SF96oOoeY1SQbdLTpm7_H3qiKz_nbKytdHn5j-rXTvy2JsTShGAodWNvqZbr3abqwBqg4IAhAgOpb_QZrobkqOE0_Jsp6YKIwetofB4y9mz27QF2hTzuSwtHTrW3Nr00mGHtYcaUSQ0QJnbwuY2LcX6_l_uE2VLrCmq27i4cfTyDE9XOGBG08MkDU1EDSxjU5V9gbV5igY72C3SQTGfs1gl4xWd4JYFeKjEdQSKxaTIrE3_VvvWNeCp2dWkXAQ-B4rn-Akbnf4QZmstZ9Uo2rWoRGvlWMrfBlfMVgBGL3O8VQU_OEk_M0lyftTXd_bdZZF1YKFjj-5fh5Zx_1jfyfPVvChL-If4HWDOzlcS0k1BBQ==&xkcb=SoBY-_M3USDGCYW2LJ0IbzkdCdPP&p=9&fvj=1&vjs=3
full details of Market Structure Optimization Engineer,Hudson River Trading,None,https://www.indeed.com/pagead/clk?mo=r&ad=-6NYlbfkN0ApzxvIc50HcKj8BAybGugjBuKrONKyeCp_AR1ox5bF72DwDsD9iEnpPVATIb1d44IOqTKvGSeSDqZaRMS_jEilSY4znpUHO_HtjhKI_YMsh5VfmznXOJoJk5obyiwbF4riYtldg_-RMYXe36iNwK2z38o2OCNdtBPkBQUYcjbIDSWI-OlFpbpjfNCNa40SsJ_1w2e7cSRvWWgH1vH4gqlc1hTPa8Swgjgcs80Yt3NmgS7TSSJH6IAgCF3o__8hS4Rbac5plYcd4X0_1reiXz1djwlwur_cZdZQaq2Dn_4D5KFqNXD3FhR4p0bCdn6C7Y0RdrTzu_2PvLjfVCKYpg3qM5I3es3cIOeZm4Ei6uVhhFfdN0aLDI1KF88oxPX3YG4WiLiNgasb28ZEOt94lTqMMGMsRN5TMizGe54xbGwhvJ0CUuk3ksDWZwTWXnx_Y1FTUOE-5m-ynw==&xkcb=SoCA-_M3USDGCY22LJ0LbzkdCdPP&p=10&fvj=0&vjs=3
full details of Systems Services & Support Engineer,Fidelity TalentSource,Durham  NC 27709,https://www.indeed.com/pagead/clk?mo=r&ad=-6NYlbfkN0AoYXfdOe7El6-Ykny_IbMrQLc_ftZ75MJybi-dJXWXjsCzoyCJRRBVucSQoHnr8--2pNxvKtyzAIyeXieIJAWOeP4cjqyf6sPywtPi233I5EwDHRGuxbLXVK5DJ-gCiRK3VjMKrirc0M9NwschPlZ65oV9sJLDKdrmujT1m9k3Ebi5qEaWGywPAgNkOcWC9xzkzBuWIsxHvFT2lUJU_PQG9wiqEWhSJV6oPfD6_5g9lAw8ydD44puEVbkdAmWcBYC4IY8F1QyIomAzOvSgEwORnsAKNamJQ825NKx0WHEmGn-ujbkb0Q-Zv8qqEF8FgwUVLaGu-w4jm_Sn8fPn6DZINIOpjNAYH27N81z1xfvcXUDprcBQCwOjwelqF_bzC5ylSH0p2Lp81uGuezpqYRWmkN2U02eXIwc3_Pd4clwG393egXI3RXBXbpmNXkBFOlqH-mzqO5sUyUFffuNpMeGRjIeFaXXBsoDytCBiYcGziyYF-49psOEUw4VRPJ2h0hODb6Mf01PK2kEVLnxcVL6q&xkcb=SoA0-_M3USDGCY22LJ0KbzkdCdPP&p=11&fvj=0&vjs=3
full details of Software Engineer HPC Top Secret - 10k Signing Bonus,AMERICAN SYSTEMS,None,https://www.indeed.com/pagead/clk?mo=r&ad=-6NYlbfkN0DxJrI9BlDlhoOcX4ULvvUu8jh076JbHB1E1vppsEBSHbZzOR5wkmR__ObRWUtaEtptfoI5UJ35httPzHcXr9X0lKp_4lOw1BRLhGGlIdIJNy4zgbNpwSFzHGzgiMkE9P2ZI2NI2MX-FFpQIjFFDyCNzLo4CQCwGVR5w9kR46O4QAB6Pe3x-sZhCVmytKh91rWaZYM0dwHiI8xVpG2L2IVHBxlUqEGuFAhBuP2vC0sS_4cqHU65ZLJ3PdmvBIpRo2NtT01GLD7zTB-Gu0iufXNE8EApraWRq76MK0JYK075YFBq2_Y6Wqby3SI3ttdXXuHSilwDmfjLvhaAbJ2mUZTMQ21g4Zj_iDXqPqvr0KnUpcbae75syay5jnThSUDic9DBakMXBlAznoFbX0SHDFLvNNkVSN9GJugO3SsiSdGi6DOzji_8u_5oJWMb4o-h68odG3WwyXR9s0vDbaUJOxHDv9gzFJ4XJUYPXIm95hPUPv8nEkCwM4iGStLxAjmsKhbQ2S7vOHsBZ3TpoiVOQ-36O_OGLI_vMUSs7cV0t3942fFGi1qUBq6SSvzcWQQkzkBI6KPJLJR3fzKIoTeIEuxMeK9bfQsZG9YAAF35IeQ9XigTeOPUsiMP8rCS2dG0iobwc9Ph3soLWEmxQSTmAAN-ku1JSJINPqrbIP1gqzJdZm0GWvmuRF_VeqL_tEcbjeduix2br1coJvw2q3vSf8-e4hXOmGdn6YYpJ8uln5w4Nva-tPcU1TSPQT6V-wpHVxK0whTAdSSRfg==&xkcb=SoCp-_M3USDGCY22LJ0JbzkdCdPP&p=12&fvj=0&vjs=3
full details of Python Developer for a New York based Search & Career Development Portal,FlexMade,Remote in United States,https://www.indeed.com/rc/clk?jk=03d6e1f7cb8708dc&fccid=3c06fcf583b66b60&vjs=3
full details of Python Developer,kc synergy,Remote,https://www.indeed.com/company/KC-Synergy/jobs/Python-Developer-a9d680724323eb35?fccid=8954076980a431ab&vjs=3
full details of Python Developer,kc synergy,Remote,https://www.indeed.com/company/KC-Synergy/jobs/Python-Developer-a9d680724323eb35?fccid=8954076980a431ab&vjs=3
full details of Engineer  Containers Platform,Execusource inc,Atlanta  GA,https://www.indeed.com/pagead/clk?mo=r&ad=-6NYlbfkN0Ad7cla0soeP1lqKvtRy9he0ssbDILxvut72OvEs7n7KQm9iOEhsqTKkq4OIP_HIMAxnDpc18RQjeWc94dacTvpHIveF0xHZb-nVpPhaShegNnNvlPt71an6oemLLRlv_jDOpvEIYfWhG49xjkDgWu9Ap3KwKQ04yMIz5_jFHA2oWBrqlQPCWquD0CZ_h6CBgNgWJbEnltQR42cjHZB5wgrSQVWSN5av82KXXFlMx-7P5BQ8aocjES_4LZNCepLMThctqHmUrCJbk59qvQgHs5-l7lNqTqCGvxJCaEBPQgiidhnIzpV5cQdCsOm7AX5frlY8y2h1UbidBzvz8oMhOhSvE17S2NfcJZCMT4hyB5Fl2uhhHU9k6NiJHAj9x0Sk4ub2OPXUpvMOwJrsBE9qhNIwMLkx0jFVQUBpJOIG1BGc7id3s7DpUDwzJ7Y6rCiuP12XRlCCDwzywPBpZ9QuJqt2K26zDopiGRB58vo4kML1HPujgqIuT-BdOXUxLlyYhgSo6ZC3euIpVz5JTsJ9LPsb9d-yBfnQinh07YCV_NfY6WaWNbbO8ul&xkcb=SoDG-_M3USDC2S2ZnJ0KbzkdCdPP&p=1&fvj=0&vjs=3
full details of Python Developer for a New York based Search & Career Development Portal,FlexMade,Remote in United States,https://www.indeed.com/rc/clk?jk=03d6e1f7cb8708dc&fccid=3c06fcf583b66b60&vjs=3
full details of Python Software Engineer,NativApps,Remote,https://www.indeed.com/rc/clk?jk=3f31ca1ee310934e&fccid=5f2e7baa8a493328&vjs=3
full details of Staff Processor Architect,Northrop Grumman,Linthicum  MD,https://www.indeed.com/pagead/clk?mo=r&ad=-6NYlbfkN0DPf8Tf_oakpB62WadId2dzQiWExtALTi0lpCM--zHBL-Sh9PGJR7MUsPcsAg-PY3I5ZFjn6CaU72kitfkv38_EQHAEXWCeRKYDGZ-C0MZmW7nzRQZr3WQ08c9THOtK-58eH-GfgsFe8NPKGffOiCVis6_wciHzmjG66n0OK05xdtX2y05FOoftxWZgo9tehG7M6BannTwCEoqloC1ssNKAxe2HOsUy8sPpPGnfdvvGI-SYDkEd0TWYKkB1Qlj2Jz6jRCmRK3-5TagyYvz-StAeQp3N3TvZyh8eiw9Z9VgTiXHuh2qAGTILNvLewUcgiwiycHheJmsFJgPi4ncj4E0puVrkOaL1N2fZajaPwopooB_uhPXRByRWVoSBXbXC_hLJwnFBq5g5ii9BAtBnsTwU3VyC4ZRNQ50rfL0wSKaHfUD8SjSIo3uGhLxExGr64RO1Zk8X7K65AjaT9PEJfBqkKhmPEdIzoN6hgvcY1eFxtWyj7k1IYVUIFiPI3jsCa5MtR013HlgcZtAlZdTcU8j1FDuRHwbmNBeFfc-3qPwMsb2u-fZyAvBQO1EJLiaVKH0uaubAjjT_FZoT8B4HpsPs05UdYkWFj4wT0FlVsuK7iSM4AmKVwQA6IlzytgmeErwVFtAqh0ebJrZ5RxyFK573mn97Yt5KNY58fnHQ6ZqgAEKemyRAid5uPSl4vuw5yXEErudfrAnZ3UkTIco6dF_jVycw1bJvMU4jkeWVcJjkLSoUS7F3-xtYAFAPGnE_HeX_ZXj61P-uGBMFlmLlE144bc1loK9S87tS2J5r84YehZvOcOzfTnzDQS1ukPl0Qvfm_MiaU5I_dT8qfvyZt9CKMnsAiJdttuhmIwfZEkOICdmEeVk3oI6cbISWaz9niRsykFfr8BECwMb9ZKklIl79MCR8tHxY1g2xRqlpsm8nfyXqgv6m005V9NanamE9IxxTI44vUAa6eTWv56uzf90dcft6iHU2dv6k_GEQhg__E5O5jJBsDU9UGXJXJfbNWBlVQrWhF8XhHtEoK68k0952knE1hO0B24I-mjyWIHGWmELIIc26kTlCa78uwDmOw7MoZK5ir4PyC1DsXPGh-KoYsbdsojKOlilWW1GAZ27VcSITyFGC1OE0QGAvA_7xPxc=&xkcb=SoDv-_M3USDC2dWZnJ0KbzkdCdPP&p=4&fvj=0&vjs=3
full details of Software Engineer,Baanyan Software Services inc.,Remote,https://www.indeed.com/company/Baanyan-Software-Services-Inc./jobs/Software-Engineer-c20e13584298a358?fccid=c16e27c2da9248e7&vjs=3
full details of Software Engineer I (Remote Option*),Nike,Remote in Beaverton  OR,https://www.indeed.com/rc/clk?jk=c2b8034e5dd8b86a&fccid=2c62e4de04b8f952&vjs=3
full details of Python Developer,Vrundaz Technology,Remote,https://www.indeed.com/company/Tech-Stream/jobs/Python-Developer-a61a97290621d6fc?fccid=6a9e6d824723546a&vjs=3
full details of Python Developer,KC SYNERGY SOLUTIONS INC.,Remote,https://www.indeed.com/company/KC-SYNERGY-SOLUTIONS-INC./jobs/Python-Developer-b0ce6c9bfd6771dc?fccid=1eccc519ef995eea&vjs=3
full details of Machine Learning Engineer  University Graduate (TikTok-Data)- 2023 Start (BS/MS),TikTok,Mountain View  CA,https://www.indeed.com/rc/clk?jk=c2f20dfad6902012&fccid=caed318a9335aac0&vjs=3
full details of Python Developer,APLOMB Technologies,Remote,https://www.indeed.com/company/APLOMB-Technologies/jobs/Python-Developer-338667c80d06dbbf?fccid=9dd2724b4e3735df&vjs=3
full details of Hiring Opt/ CPT,Xcel Life Sciences LLC,Remote,https://www.indeed.com/company/Xcel-Life-Sciences/jobs/Opt-74dec00d14d33300?fccid=a6c44e68d591eb6e&vjs=3
full details of Python Developer,Paktolus,Remote,https://www.indeed.com/rc/clk?jk=df1cce3cc988f374&fccid=3095e1b2ada9dd27&vjs=3
full details of Full Stack Web Developer - Entry Level,Aston Technologies Inc.,Saint Louis Park  MN,https://www.indeed.com/rc/clk?jk=76785349a91f064f&fccid=88ec800e5d6a06b9&vjs=3
full details of Engineer Aeronautical - Active Secret Clearance,Northrop Grumman,Chandler  AZ 85286,https://www.indeed.com/pagead/clk?mo=r&ad=-6NYlbfkN0DPf8Tf_oakpB62WadId2dzQiWExtALTi0lpCM--zHBL-Sh9PGJR7MUDokFPkx8KWzcuR-u-xvQMTaUu41jqxq9x7TXSdUONYqewoJgkV_g-ful4GaApROyRylSnlLRzOK-Opr1pqK34pCukg7q1ZOpAps4mOP476bEdg3Ij0O0uLimx-NRspQ65LrGTCUWgUnIzxHpP11MF4wFsKr4WLwrlRVJ1ydVOevM6fly3V6xvZYoKF3tRa3H8iPnyVr8b16Po7F_rJjah82SRTWW3U-VQ5yDaWUhIhQcP2rghhrr8fvSN1WPELd16xMHg129yACSnPEw4UeB0lmwvCJRNxx0rcUJfzxJA98mNXjOM76O5sGdkRAVG7FL-5syOBcTAndjYSmlwRpdeLWakyQ-zV-uPBFejR4Aun232LGf4Gr8EqZPk3chVul3RdHGdy-6NRrXLoBskIkezUROGKijWPBGVj_rkIR3UEOa_K3qe-nufoeVMXi5wS0jNY8dYS_Dk16gcqjSHk_IAP_NsQWi18dGZzCTJeGq4thqK9Z_6kwNhIv9bIAdzCSgXB6IJvbazR2FW_OjUVVikPj2A90aAxi4m3SFQhguFQYILu1RhvBEAxTJWbCUt442NpetPwj6LDHesNVRM08NmzAKZo7a5Ah_Piafrtr_ZDuB8BhXKUgu7UcRuq6bkdDnoqIcKR4Mm6vFgGVUWCvh114gO18UG1_H2Bfun0qKSVsYDgjxFNSXKqcAkJIPSA_U21up1BEOtVd6b6StdjdmB6dBkgqIU2q0XVt7Gk3NVZoYoikk9kQ5_B5FZTh1DApnFc1HPqdWNooyExfi7SBaIDjfF4zIFN4LSeM2stOjyqiS4jbb4ll0lA5xX26kXM3WImCnQVax9JOqT0yaQB7DBY2ndUMPz1Dpwu9S_p3kG4AN6J3GEkcetiWi9DlimoKd-T22wRpoZzZqy_PF6FOBTGWOiBdfAWhYU1h8iAe-2gamGU4bvPhET1GJTkBHTAiHWoM7hMDemai5955Uh1bfUf-CU70ncSCkgPEvYEwAv5G7MfEoEp90DX0axpxJiNhAGADFG0bCmEOYwIBLg1QI8NONFci_NyIZt1WZlyCpVIkEVkvT0pmtvr18l_8WgC1wGLWXojjF7myUanwbFmeTIz3CFgUxnaBlAcL2ThOSmWE=&xkcb=SoC5-_M3USDC2d2ZnJ0ObzkdCdPP&p=14&fvj=0&vjs=3
full details of Python Developer,Locks Global Staffing LLC,None,https://www.indeed.com/rc/clk?jk=b6a4e5e0c03d23f0&fccid=dd616958bd9ddc12&vjs=3
full details of Sr Python Backend Web Developer,Justpoint,Remote,https://www.indeed.com/rc/clk?jk=0bc7b867cc3aee60&fccid=fb33d4ff6ced4f47&vjs=3
full details of BACKEND ENGINEER,Gordian Software,None,https://www.indeed.com/rc/clk?jk=d7758f933877cee1&fccid=0ef5578c1a2afaac&vjs=3
full details of Technical Support Specialist,TikTok,Mountain View  CA,https://www.indeed.com/rc/clk?jk=c352bacc9348e1d1&fccid=caed318a9335aac0&vjs=3
full details of Python Developer,Ait,None,https://www.indeed.com/company/AIT/jobs/Python-Developer-a36f206ce4c8dc72?fccid=b1188e4b735bb3d5&vjs=3
full details of Bioinformatics Analyst(NGS RNA Sequencing R Shiny Python)(6-12Months),Tellus Solutions,Remote,https://www.indeed.com/company/Tellus-Solutions/jobs/Bioinformatic-Analyst-0a4d20d9b3ac8bf3?fccid=def1eacd3dd4aba0&vjs=3
full details of Python Backend Developer Sr /...,Blockchain Talents,None,https://www.indeed.com/rc/clk?jk=4c1e2988b22fa223&fccid=734623aba8b7a021&vjs=3
full details of Python Fullstack USA- OPT,Veridic Solutions,None,https://www.indeed.com/rc/clk?jk=8731919ab49a31a6&fccid=2e5262cf6ed0d140&vjs=3
full details of Data Analyst,PayPal,None,https://www.indeed.com/rc/clk?jk=3e6a5666b1ef0003&fccid=978d9fd9799d55a8&vjs=3
full details of Software Engineer - Job matching,sky gate,Remote,https://www.indeed.com/rc/clk?jk=91848829426cca9f&fccid=c8dc78c5bea88905&vjs=3
full details of Back End Developer,Underdog.io,None,https://www.indeed.com/company/Underdog.io/jobs/Back-End-Developer-ab789c140cd8482f?fccid=50ea53fe8d1ef3d9&vjs=3
full details of Big Data Engineer - PySpark,Logic20/20 Inc.,None,https://www.indeed.com/pagead/clk?mo=r&ad=-6NYlbfkN0BXQ01WD-KrMtyc2aSKR9wt5dqR7gKhZwG13aJSNaXoSjPDo3rXRASBHzawEswGIONv3imV7zDTqZB8DuJdj5PiyTKZlcaDr20UQqUfH4gsnjZv4SdMUW9gQ2YxE_7QfeBMJkgxyb2esArAUFHHjJI6KczKpfl_Aj2_3nfUQ5GOaNDQMrLF5b58zBcU4aACxzBXQc7OzxoiR4rC818OuHUQYytZomzTjIW2ry1HVLhBoJZh0xzU6eLlk4P4L9oCXfP0qaWXX3noEwVm-NTPIBntcdLAI_7R0aLBmq5pRPbSWgBb10gMMh70vtzRP7MaxHqS0A9mrkBjkrRZLZdrAcS0rGFIz1x2wI68UL85FGHP_U1ImzvzI-tMB9HbpWSbiE8TCxhLKdzxtEED6H19gtrTrpA8JqEVfn0hNJL5K1k8sxwVOmyU6jO8Uxp-QKYlBTYv6fFtmN5qmngJj80I3jcEiCckzhSE0g9EIobfRKE61ay6fNUUo-nswcdxvN5lZV24RN4Ye51w_Q==&xkcb=SoAc-_M3USDfsxATW70ObzkdCdPP&p=11&fvj=1&vjs=3
full details of Python Developer,Kaygen,Remote,https://www.indeed.com/company/Kaygen/jobs/Python-Developer-f6b42703cd4b8081?fccid=93c9d8ad0fe8bc7f&vjs=3
full details of PYTHON DEVELOPER,Pythonwise,Seattle  WA,https://www.indeed.com/rc/clk?jk=1a20a1c56fb7df73&fccid=fe0035950dcdac14&vjs=3
full details of Principal Mechanical Engineer,Cenergy International Services,Temporarily Remote in Boston  MA 02210,https://www.indeed.com/pagead/clk?mo=r&ad=-6NYlbfkN0BbyS3g3l0OnpNvA1X8G22NJOCiqpCoEy0AiiwsVTMfNJgBrHgUmmFGMruTE8tcsbs9QKVU1bueBeGIdx1lUftZqGAq-nZiBjHryxlvLsBoMGQiWt-LBh70TfTtLH6pCRB4xw51VQuTy1T2wRBgQaY8cEEAMHgUbuD0C5QDIsqcOozP40lbgUR5Nb3lTsfPo77EmWiY3mzck2iuVbvBlOh9pNUVktNE7Vhe6X_II1Jv9C9WtGljXnKtl0BCblBv4xxgK7_LQwF73cY4UVT3dY8mgiPp7N9yf57cYH8HSew2HsaVF61XP1XuRHE56jpyQPxKBkV74z7wcgHPIgn--OFrqMzJQRQjsEUvldfTb8ScDhh0E3_OQSlc3OaDjs948MgrYvQhWB3XBD0NUV1lIr8FR-LJOQW_mQcmKb-HiEpQXN5r3GFLNL7GtWr6z81XJythopO2NeUmQP7ZI5OgQ3d7m9xnyLp-2XVAcXz7Mt_fJh0De1lkfTxag4N7FXoT025Bszaz-kSYfg==&xkcb=SoDt-_M3USDfsxgTW70PbzkdCdPP&p=14&fvj=1&vjs=3
full details of Software Developer,Grant Street Group,Remote,https://www.indeed.com/rc/clk?jk=1f62e2ffb92eede8&fccid=23b4cebad6818890&vjs=3
full details of Software Engineer - Recent/Upcoming Graduates,Performance,None,https://www.indeed.com/rc/clk?jk=4475f7f51e1381c8&fccid=74033d9ad24cc449&vjs=3
full details of Business Analyst 4-Ops,Oracle,United States,https://www.indeed.com/rc/clk?jk=699a8b89c108ecf6&fccid=cd22d01053af7669&vjs=3
full details of Junior Data Analyst - REMOTE (US only),UtiliSave LLC,Remote,https://www.indeed.com/company/Steifman-LLP/jobs/Junior-Data-Analyst-650fe32a25e23a3a?fccid=4251f78e902a9b48&vjs=3
full details of DevOps Engineer,Edgewater Federal Solutions  Inc.,None,https://www.indeed.com/pagead/clk?mo=r&ad=-6NYlbfkN0AIFEj7OwwAaW8MxsPidlUJh3RdVKhD19kZp-Vgdbag3BW2kYLFV4netbN-PQCzePvCATsajlyFm1g6ZNLtFoobHW44cthAaA62wIiwfAW3Zj_U1oz5XvP5oLykdbVpVMwFBayW9A--hvZkiCag_tjs8L2km-MuTmBbGICO1GeN9S1BGjOz56C3A-t6xTBXArk0hGrLHoNuurJGwW_sTCMRgef3bAfhT202B2gqOmrQ8GpINCYfBmocysNqg2uOEV7IDjxYP5qf3HcH_nYARC_Td4IfEKCPvR3URxS2UL9BUvREm2ZYlRnsUwJhKkBH_S8rw9tmNakzLNHdY8n_rxCddm3xMuZvJNQFkdDKWT5SvUEPa-suKgHqCiXeLjcxEk5nL2CMEm66Joark-srT-PXVOHO6KU_K8sPweWLyjl29Wax78cr6-kocnzeCaY92L-Mdd4-yf1QR0HCNxQe9ytGxFpv9dOYlQFLivgqa_0Z4CjlF8QBNDkjcbWNyReWUy_XRDLQxv6deiD-CR81-KqUAH5pHmhFa9zgdY-lA6lSqX7yA_bJNSC6d1EdIIOnd6r2tJAwuS5V7XFNqFLhxTCtg9vnsMoo-QN7ZIaQop1M4XrC-km4chmONfJ7NaoKOgTnlKmkyxd9dQ3rbMvYfRe1Em_BiMcI6nATZb-cm35MZmQs-doYR3tT6_sNfs7_B6CY6sVhcyBYG5VJeN-0YA9Mj0vT0iRM_OW9KUqwrW997w==&xkcb=SoB5-_M3USDcZSQiwR0KbzkdCdPP&p=4&fvj=0&vjs=3
full details of Python Developer,SourceFuse,Remote,https://www.indeed.com/company/SourceFuse/jobs/Python-Developer-7f72920f203b5987?fccid=30b6b181baee226a&vjs=3
full details of Python AWS Engineer,ThinkBridge Software,Remote,https://www.indeed.com/company/ThinkBridge-Software/jobs/Python-Aws-Engineer-e6e55339ab552bf6?fccid=6e46cb33b5a53fb0&vjs=3
full details of Python Developer (Training & placement) for Opt  Stem Opt  Cpt. on W2 Bases,WorkCog,Remote,https://www.indeed.com/company/WorkCog/jobs/Python-Developer-Opt-ec7dc4013eaa09e0?fccid=04542d75b9ce9d61&vjs=3
full details of Python Developer,Denken Solutions Inc,Mountain View  CA,https://www.indeed.com/company/Denken-Solutions-Inc/jobs/Python-Developer-0beab446e01d3a68?fccid=5b735a37fa93d93f&vjs=3
full details of Associate Engineer - Gaming Industry (AAA titles),The UpTeam Consultants,Remote,https://www.indeed.com/company/The-UpTeam-Consultants/jobs/Associate-Engineer-9f8c7a6c8e7120a3?fccid=89eb4453bf67931d&vjs=3
full details of Data Scientist  University Graduate - 2023 Start (BS/MS),TikTok,Mountain View  CA,https://www.indeed.com/rc/clk?jk=3822d2acfe59f7f4&fccid=caed318a9335aac0&vjs=3
full details of Computer Network Defense Analyst - Entry to Senior Level,National Security Agency,Fort Meade  MD,https://www.indeed.com/rc/clk?jk=96698b76913c1906&fccid=e8f18ca6180ec8da&vjs=3
full details of Software Engineer Apprentice,IBM,None,https://www.indeed.com/rc/clk?jk=0904db09fddfcd41&fccid=de71a49b535e21cb&vjs=3
full details of Computer Forensics Engineer (Early Career),ManTech International Corporation,None,https://www.indeed.com/pagead/clk?mo=r&ad=-6NYlbfkN0BrkGAw7VGTTnqsFJf6dWxF89xA6YoUaNLrpGgF8xRh18eTyqQF5LRSPxg2cqyLp4w6haYULXQmD9OKEAet6biJCI5NwhTFgTKFwG_csShXAjurtF8LtIckFFV3yPd3wsYSUY41bQL3ODtjmjR6lbHLpctQXi2-fZ4cwpXq5hTDQMym2J_nyMGUom9xnpuim4ldtFaFEYJYL_ZC8x269WtfAmJ2kG5Y1eEtTHpmn3Ph4K38zEIqKEu6OUzkUibFFzwvL4UOfpYfowkIkEG0fM3UYKZ6W_hBUdYutF3NZxyEdIhT2h1fUZ8HvLglchKAi7t3OMtQUIp0D7x3jflvZYmgnme8PjkQxGtMFbzDQSHTDpL0meDwAqZVINGL-KwmvrnRJe7S5T0lvQY5DopiWfVcvIWPTXYmvhRTz3DHqfCMSPsXuVr4mqoTHfsFRmBClyU9H-CTHxU0-_KbDqp5dlaytY1_pRuO8X-KY6WzObmCMseb_pY0l45FYOrwXn_s70dp7rzKw1bBHYcZrVPsa1eUlQxOqpqONmZHQ5WHIdLMh2Cp7nxI5_fVJGcUaOR_T42oZHb_aT8BD6rR03goiEdRD5ApRJWfpwKRaeb-yXEg3GMuZvm4a9FQ&xkcb=SoCh-_M3USDcZdQiwR0LbzkdCdPP&p=13&fvj=0&vjs=3
full details of Python Developer with Django,Echo Solutions,Remote,https://www.indeed.com/company/Echo-Solutions/jobs/Python-Developer-Django-8b7a08cb6970313d?fccid=22872f62bc888767&vjs=3
full details of Network Python Developer,Tekcogno,Remote,https://www.indeed.com/company/Tekcogno/jobs/Network-Python-Developer-752c57ea6876ec22?fccid=360f48ee217c77a6&vjs=3
full details of Integrity Analyst,Pinterest,Remote,https://www.indeed.com/rc/clk?jk=cc3d700466b7c942&fccid=43014b1412e0a7b6&vjs=3
full details of 100% Remote Python Developer,otomasheen,Remote,https://www.indeed.com/company/otomasheen/jobs/Python-Developer-019f5188106ddf05?fccid=cbcf3ecbdd8b7ba4&vjs=3
full details of PYTHON DEVELOPER,Westlink,Remote,https://www.indeed.com/company/WestLink/jobs/Python-Developer-79b514e5bd4f252d?fccid=2a141103517fb648&vjs=3
full details of Business Analyst (Entry Level),Agama Solutions,United States,https://www.indeed.com/rc/clk?jk=7a2f9cc2cc982a1e&fccid=db130263a2af3230&vjs=3
full details of Remote Python Developer,Mindboard  Inc.,Remote,https://www.indeed.com/company/Mindboard -Inc./jobs/Python-Developer-d4d31895a21cb952?fccid=a29657ec959a3e93&vjs=3
full details of Embedded Software Engineer,Emergent Space Technologies,Greenbelt  MD,https://www.indeed.com/pagead/clk?mo=r&ad=-6NYlbfkN0Cs4Rb5wSgo6UjzJITDrQTb3BlwO06VR8BkSaq8624cWpckW8QxJ6YI-a_hWWl5_aVFbzD9GMlu8RFalyqDUimHyvGlSLWmHZrE3RL8zlt0_V-qw1rpDy-NY9IPzM-moICvPHu-XRFuwphaMBBbSJSEeRKOUouDYbh3SYpabPa4k5GOhOY7EdGybDFc3_6BvwBKXF-fVUhhuKgGorIxqmHSkYUJ8RuNN0bKPqhNSkjnFBOqYNjoVi2suwfWrcOd9cjw1tM7D7fnnIHAZW7wF0hbmJ5IsxauRvb2Zq6tDGZ04JbwvNLnYXf58cUjlteL_hBfNB37hg5HTExsHISr5YsRof_b0pLJT-dyhD8H2Mmt8XGyt2vrVVG7lI3CSQBRkeiMAa0-aPo7NnFx2ib8ag-M9qmc-Gff6GX1uHepjeGZjpHbR9trb93sFQwqa1MnM4GZAu9HwazqrwmhogkuMJaA&xkcb=SoAO-_M3USDZpw22Ah0PbzkdCdPP&p=6&fvj=0&vjs=3
full details of Machine Learning Engineer,SCG,Hybrid remote in West Columbia  SC 29170,https://www.indeed.com/company/Service-Station/jobs/Machine-Learning-Engineer-a00d22850a754f4e?fccid=2de5e4f54be4ff64&vjs=3
full details of Backend Developer,Wagbi C Corp,Remote,https://www.indeed.com/rc/clk?jk=a1a51c484215d9d8&fccid=dd616958bd9ddc12&vjs=3
full details of Unity Game Developer,Kodable,Remote,https://www.indeed.com/company/Kodable/jobs/Unity-Game-Developer-4e4b080fa6fab8ac?fccid=c972c0c4dbeb619e&vjs=3
full details of Staff Software Engineer,Northrop Grumman,Boulder  CO 80301,https://www.indeed.com/pagead/clk?mo=r&ad=-6NYlbfkN0DPf8Tf_oakpB62WadId2dzQiWExtALTi0lpCM--zHBL-Sh9PGJR7MUGrrzxVcOT4nriBYlg4rqhkBD1HJp2DztvgW3zu8qoGBYzcfpBKy5YjP34wgyPpw3spwKIy_raRilTsepXKSsfuSbh1EZtL5hWs3bCFj-f7UyParI8MBn5Y8dHP1oTW_TGBRbj3xdPzD_EWZdDg5YdFoh8ISJgRoK0YfrTLcMBbtyxLPMU5lG-PyYGUj0__QP6yUq5dSkVJ-EGk0s_7e1PMDCDppoIc9--PjaO1B7-QZjcMXiQuXPIA0cl3A6CIbulPnZpn6NRRbOyRV7F16pojnIab5DD-h8wG2FvbQ6KoIFbsAgsOhcEOjHCr7_DDQKHc1hPu5zAh2Ejs5lb7C38Js5Cykiz9tE0PF5AD7zATJBLOyLXmLR69NZpiduv8VxGyHZH804eGc5VHfRqFeefDJRTHss9j7MaJBqOk3AdxHOpaTwFCcomXye6kaEVIUDD7sEIGQ2wq5hWInteptZNqDwbv7fsQib5PH97jp6GmF2AsEeeKNqnCD-FFo58rn30nrxGvI_4Zz5afeGhyb0lEvIV7VY2aWI3OiAyKVgYX63E0ngFw_wUCUKIvrrbbW8GDr2qJ-wKyj_3qhfKjSZyls9wzb4t14sE-N-8VHyBUh36C9vxTrncqHrI9HeZHrgV0uOg2QEH4VLr1eYXNuJwqZ0BA-zyoYuTX13H_-7W1Gj3C6YCaCrIpOaj70161NMuWSgnCoZaAPujekuJNHZ7Yu-ixtOt_MInuaVG0cTZHr5V_bsL9TKqQx-VziaLeIz8SPTNT_UGtIPuatPlpVSHLHpRn61fR21oxK9AmaYs4qqCb7lGNF-fVT0PJO7-5WjHF50y0ONeNmusxMwMZ7m03b6coxCgFiMzhEDpeuH8-jsj7BuYmJ1AQ7zx0u1b3-HF51SahIpATOJANexQQtUOKMx5V6NGoQ0XC-v__XPVchGiOe_oRgRcghYXkYLJFl-_klPNTTTnojKpOixoCtfBrDe_YF_8PFeZLSQ9w2oe95FPv2dMpvU2dBhbhr6UEtvjVANA2hkCIMRKW87qohqvldyf0hgOtiP_M6sF7utPko=&xkcb=SoDw-_M3USDZpzW2Ah0KbzkdCdPP&p=10&fvj=0&vjs=3
full details of Software Engineer - Python,Onapsis,Dallas  TX,https://www.indeed.com/rc/clk?jk=472e063101bb22db&fccid=72c9d76f6af526d6&vjs=3
full details of Data Scientist  Product,Clubhouse,Remote,https://www.indeed.com/rc/clk?jk=333367d0f62ebf4d&fccid=bdae4b7212be0405&vjs=3
full details of Entry Level Software Developer,Grant Street Group,Remote,https://www.indeed.com/rc/clk?jk=3079e84464c73c38&fccid=23b4cebad6818890&vjs=3
full details of Splunk / Snowflake / Salesforce,KC Synergy,Remote,https://www.indeed.com/company/KC-Synergy/jobs/Splunk-f2cbcb32c43513ab?fccid=8954076980a431ab&vjs=3
